{
    "0.000000": {
        "0.000000": {
            "neg": {
                "D2": [
                    6482,
                    6483,
                    6484,
                    6485
                ],
                "Dummy": [
                    6553,
                    6554
                ],
                "H2": [
                    6556
                ]
            },
            "pos": {
                "Dummy": [
                    6558,
                    6559
                ],
                "H2": [
                    6557
                ]
            }
        },
        "7.360000": {
            "pos": {
                "H2": [
                    6012
                ]
            }
        },
        "7.920000": {
            "pos": {
                "Dummy": [
                    7829
                ],
                "H2": [
                    7830
                ]
            }
        },
        "7.950000": {
            "pos": {
                "Dummy": [
                    6011
                ],
                "H2": [
                    6010
                ]
            }
        },
        "8.160000": {
            "pos": {
                "Dummy": [
                    6015
                ],
                "H2": [
                    6016
                ]
            }
        },
        "8.450000": {
            "pos": {
                "Dummy": [
                    7828
                ],
                "H2": [
                    7826,
                    7827
                ]
            }
        },
        "8.550000": {
            "pos": {
                "H2": [
                    6009
                ]
            }
        },
        "8.660000": {
            "pos": {
                "Dummy": [
                    6014
                ],
                "H2": [
                    6013
                ]
            }
        },
        "8.990000": {
            "pos": {
                "Dummy": [
                    7824
                ],
                "H2": [
                    7822,
                    7823
                ]
            }
        },
        "9.980000": {
            "pos": {
                "H2": [
                    6017
                ]
            }
        }
    },
    "0.350000": {
        "4.000000": {
            "neg": {
                "D2": [
                    6088,
                    6089,
                    6090
                ],
                "Dummy": [
                    6087
                ],
                "H2": [
                    6083,
                    6084,
                    6085,
                    6086
                ]
            },
            "pos": {
                "D2": [
                    6043,
                    6044,
                    6045
                ],
                "Dummy": [
                    6046
                ],
                "H2": [
                    6038,
                    6039,
                    6040,
                    6041,
                    6042
                ]
            }
        }
    },
    "0.400000": {
        "4.000000": {
            "neg": {
                "D2": [
                    6550,
                    6551
                ],
                "Dummy": [
                    6552
                ]
            },
            "pos": {
                "D2": [
                    6542,
                    6543
                ],
                "Dummy": [
                    6544
                ]
            }
        },
        "5.500000": {
            "neg": {
                "D2": [
                    7671,
                    7672
                ],
                "Dummy": [
                    7673,
                    7674
                ]
            },
            "pos": {
                "D2": [
                    7699,
                    7702,
                    7703
                ],
                "Dummy": [
                    7697,
                    7698
                ]
            }
        }
    },
    "0.450000": {
        "3.898000": {
            "neg": {
                "D2": [
                    6136,
                    6137,
                    6138
                ],
                "Dummy": [
                    6129,
                    6130,
                    6132,
                    6133,
                    6135
                ],
                "H2": [
                    6139,
                    6140,
                    6141
                ]
            },
            "pos": {
                "D2": [
                    6185,
                    6186,
                    6187
                ],
                "Dummy": [
                    6183,
                    6184
                ],
                "H2": [
                    6188,
                    6189,
                    6190
                ]
            }
        },
        "4.750000": {
            "neg": {
                "D2": [
                    6267,
                    6270,
                    6271,
                    6272,
                    6273
                ],
                "Dummy": [
                    6274,
                    6275,
                    6276
                ],
                "H2": [
                    6277,
                    6281,
                    6282,
                    6284
                ]
            },
            "pos": {
                "D2": [
                    6215,
                    6216,
                    6217,
                    6219,
                    6220
                ],
                "Dummy": [
                    6213,
                    6214
                ],
                "H2": [
                    6221,
                    6222,
                    6223,
                    6224,
                    6225
                ]
            }
        }
    },
    "0.500000": {
        "3.979000": {
            "neg": {
                "D2": [
                    6496,
                    6497,
                    6498,
                    6499
                ],
                "Dummy": [
                    6495
                ]
            },
            "pos": {
                "D2": [
                    6514,
                    6515,
                    6516,
                    6517
                ],
                "Dummy": [
                    6513
                ]
            }
        },
        "5.000000": {
            "neg": {
                "D2": [
                    6473,
                    6474,
                    6475,
                    6476,
                    6477,
                    6478,
                    6479
                ],
                "Dummy": [
                    6471,
                    6472
                ]
            },
            "pos": {
                "D2": [
                    6443,
                    6444,
                    6445,
                    6446,
                    6447,
                    6448
                ],
                "Dummy": [
                    6441,
                    6442
                ]
            }
        },
        "5.500000": {
            "neg": {
                "D2": [
                    7684,
                    7685,
                    7686,
                    7687,
                    7688,
                    7689,
                    7690,
                    7692
                ],
                "Dummy": [
                    7694,
                    7695
                ]
            },
            "pos": {
                "D2": [
                    7716,
                    7717,
                    7718,
                    7719,
                    7720,
                    7721,
                    7722
                ],